,City ID,City Name,Cloudiness,Country,Date,Humidity,Latitiude,Longitude,Max Temp,Wind Speed
0,[0],ribeira grande,91,PT,1665537239,89,38.5167,-28.7,69.78,1.99
1,[1],honningsvag,100,NO,1665537239,71,70.9821,25.9704,46.15,13.8
2,[2],punta arenas,75,CL,1665537155,81,-53.15,-70.9167,39.31,18.41
3,[3],salalah,0,OM,1665537240,49,17.0151,54.0924,73.49,2.3
4,[4],qaanaaq,44,GL,1665537240,62,77.484,-69.3632,5.79,7.85
5,[5],puerto colombia,11,CO,1665537240,80,10.9878,-74.9547,82.49,10.6
6,[6],bosconia,14,CO,1665537241,79,9.9689,-73.8836,78.85,4.14
7,[7],bandar,100,ID,1665537241,96,2.05,99.75,73.9,0.51
8,[8],yellowknife,100,CA,1665537061,91,62.456,-114.3525,31.62,25.68
9,[9],puerto ayora,90,EC,1665537242,87,-0.7393,-90.3518,67.55,5.99
10,[10],hobart,75,AU,1665537055,71,-42.8794,147.3294,64.26,14.97
11,[11],carnarvon,58,AU,1665537069,49,-24.8667,113.6333,63.73,26.53
12,[12],geraldton,0,AU,1665537228,59,-28.7667,114.6,61.21,13.8
13,[14],busselton,58,AU,1665537243,54,-33.65,115.3333,56.34,11.36
14,[15],hermanus,100,ZA,1665537154,93,-34.4187,19.2345,60.8,4.68
15,[16],bathsheba,100,BB,1665537243,83,13.2167,-59.5167,81.32,16.37
16,[17],talnakh,72,RU,1665537221,89,69.4865,88.3972,33.21,9.17
17,[18],abu samrah,4,SY,1665537244,53,35.3029,37.1841,66.69,3.13
18,[19],ancud,58,CL,1665537244,93,-41.8697,-73.8203,47.95,9.24
19,[20],chuy,100,UY,1665537231,95,-33.6971,-53.4616,56.37,11.07
20,[21],solnechnyy,7,RU,1665537245,70,50.7214,136.6319,39.6,3.09
21,[22],genhe,100,CN,1665537245,47,50.7833,121.5167,41.59,3.18
22,[23],ribas do rio pardo,100,BR,1665537245,77,-20.4431,-53.7592,72.36,2.84
23,[24],esperance,50,AU,1665537246,63,-33.8667,121.9,53.44,19.73
24,[25],cabo san lucas,0,MX,1665537223,67,22.8909,-109.9124,85.51,4.61
25,[26],quatre cocos,88,MU,1665537246,66,-20.2078,57.7625,66.09,13.42
26,[27],cidreira,100,BR,1665537246,97,-30.1811,-50.2056,64.11,3.62
27,[28],tiksi,100,RU,1665537247,82,71.6872,128.8694,21.09,18.77
28,[29],tuim,100,RU,1665537247,83,54.3417,89.9261,39.22,7.43
29,[30],bluff,56,NZ,1665537248,52,-46.6,168.3333,50.36,4.34
30,[31],bairiki,100,KI,1665537248,83,1.3292,172.9752,82.4,13.8
31,[32],port alfred,100,ZA,1665537249,86,-33.5906,26.891,66.18,4.0
32,[33],saint-philippe,36,RE,1665537249,77,-21.3585,55.7679,65.79,9.98
33,[34],gat,0,IL,1665537249,100,31.61,34.7642,71.4,3.31
34,[35],ponta do sol,16,PT,1665537250,62,32.6667,-17.1,70.43,6.67
35,[36],madiun,100,ID,1665537250,71,-7.6298,111.5239,82.38,8.75
36,[37],victoria,6,HK,1665537127,46,22.2855,114.1577,77.25,11.01
37,[38],chokurdakh,46,RU,1665537251,79,70.6333,147.9167,15.4,9.91
38,[39],avarua,100,CK,1665537125,78,-21.2078,-159.775,78.85,18.41
39,[40],ruteng,72,ID,1665537068,66,-8.6136,120.4721,72.55,0.34
40,[41],zunyi,100,CN,1665537251,48,27.6867,106.9072,57.07,3.02
41,[42],barrow,100,US,1665537252,93,71.2906,-156.7887,30.22,24.16
42,[43],rikitea,84,PF,1665537252,79,-23.1203,-134.9692,70.07,14.41
43,[44],monticello,100,US,1665537077,57,45.3055,-93.7941,74.91,11.5
44,[45],lagoa,49,PT,1665537253,82,39.05,-27.9833,69.69,2.98
45,[48],namatanai,98,PG,1665537254,61,-3.6667,152.4333,86.58,4.16
46,[51],karla,20,EE,1665537254,93,59.3723,24.9275,42.76,5.75
47,[52],sechura,5,PE,1665537255,81,-5.5569,-80.8222,63.37,17.36
48,[53],aksu,0,CN,1665537255,43,41.1231,80.2644,48.18,6.73
49,[54],cam ranh,75,VN,1665537255,78,11.9214,109.1591,80.56,10.36
50,[55],laguna,0,US,1665537154,30,38.421,-121.4238,88.43,5.75
51,[56],lata,5,PT,1665537256,90,40.1629,-8.3327,59.07,2.46
52,[57],atasu,4,KZ,1665537256,45,48.6814,71.6433,41.56,5.66
53,[58],arraial do cabo,68,BR,1665537257,87,-22.9661,-42.0278,71.6,29.42
54,[59],iqaluit,100,CA,1665537257,82,63.7506,-68.5145,17.62,8.46
55,[60],tuktoyaktuk,99,CA,1665537141,87,69.4541,-133.0374,31.14,14.83
56,[61],north bend,0,US,1665537258,86,43.4065,-124.2243,74.25,17.27
57,[62],obala,99,CM,1665537258,100,4.1667,11.5333,67.53,0.89
58,[63],bengkulu,100,ID,1665537248,82,-3.8004,102.2655,77.29,3.31
59,[64],ushuaia,20,AR,1665537258,87,-54.8,-68.3,37.06,3.44
60,[66],cape town,100,ZA,1665536970,83,-33.9258,18.4232,63.12,5.99
61,[67],atuona,7,PF,1665537259,73,-9.8,-139.0333,77.23,14.03
62,[68],kapaa,20,US,1665537259,85,22.0752,-159.319,84.18,3.44
63,[69],namibe,27,AO,1665537260,89,-15.1961,12.1522,66.09,3.33
64,[70],vestmannaeyjar,20,IS,1665537260,69,63.4427,-20.2734,45.28,16.98
65,[71],mataura,4,NZ,1665537260,38,-46.1927,168.8643,58.28,2.51
66,[72],taoudenni,14,ML,1665537261,20,22.6783,-3.9836,90.81,6.31
67,[73],myski,100,RU,1665537261,70,53.709,87.8014,44.58,9.57
68,[74],athol,0,US,1665537261,90,42.5959,-72.2268,53.73,3.44
69,[75],khatanga,100,RU,1665537262,95,71.9667,102.5,27.9,4.12
70,[76],yerbogachen,100,RU,1665537262,97,61.2767,108.0108,36.59,9.6
71,[77],bambous virieux,98,MU,1665537263,64,-20.3428,57.7575,66.22,13.29
72,[78],awbari,0,LY,1665537263,27,26.5921,12.7805,70.72,6.53
73,[79],chemainus,0,CA,1665537263,62,48.9163,-123.7194,62.01,0.11
74,[80],vaini,40,TO,1665537264,73,-21.2,-175.2,78.96,12.66
75,[81],clyde river,77,CA,1665537264,80,70.4692,-68.5914,15.91,10.2
76,[82],komsomolskiy,0,UZ,1665537264,50,40.4272,71.7189,52.52,6.91
77,[83],hithadhoo,100,MV,1665537265,78,-0.6,73.0833,81.88,17.45
78,[84],agadez,5,NE,1665537265,19,19.75,10.25,77.97,7.96
79,[85],airai,100,TL,1665537265,57,-8.9266,125.4092,72.79,1.25
80,[86],hilo,20,US,1665537126,76,19.7297,-155.09,84.27,10.36
81,[87],longyearbyen,75,SJ,1665537266,69,78.2186,15.6401,35.44,16.11
82,[89],falun,5,SE,1665537266,91,60.6036,15.626,36.01,1.39
83,[90],petropavlovka,100,RU,1665537267,77,50.6114,105.3196,36.54,3.06
84,[91],nikolskoye,99,RU,1665537267,85,59.7035,30.7861,46.29,8.5
85,[92],hawera,100,NZ,1665537267,95,-39.5917,174.2833,53.06,8.1
86,[93],itarema,100,BR,1665537268,80,-2.9248,-39.9167,79.41,16.08
87,[94],ust-omchug,100,RU,1665537268,78,61.15,149.6333,18.23,5.03
88,[95],pingzhuang,0,CN,1665537268,26,42.0372,119.2889,50.88,4.72
89,[96],huarmey,80,PE,1665537269,84,-10.0681,-78.1522,62.33,9.48
90,[97],narasannapeta,100,IN,1665537269,89,18.4167,84.05,76.93,4.09
91,[98],kavieng,100,PG,1665537269,61,-2.5744,150.7967,85.69,4.81
92,[99],yelan,82,RU,1665537270,95,50.949,43.7378,46.0,5.82
93,[100],dasoguz,75,TM,1665537270,16,41.8363,59.9666,55.96,7.2
94,[101],novobirilyussy,100,RU,1665537270,88,56.9514,90.6661,40.5,8.57
95,[102],flinders,100,AU,1665537271,74,-34.5833,150.8552,69.06,5.01
96,[103],osorno,100,CL,1665537271,93,-40.5667,-73.15,50.31,4.61
97,[104],west wendover,0,US,1665537271,21,40.7391,-114.0733,69.01,9.22
98,[105],limpapa,100,PH,1665537272,72,7.1197,121.9106,81.07,6.22
99,[106],provideniya,75,RU,1665537272,69,64.3833,-173.3,33.91,6.71
100,[107],puerto quijarro,100,BO,1665537272,97,-17.7833,-57.7667,70.7,2.66
101,[108],kaitangata,9,NZ,1665537273,46,-46.2817,169.8464,53.51,6.76
102,[109],butaritari,60,KI,1665537273,78,3.0707,172.7902,82.06,19.89
103,[110],narsaq,100,GL,1665537273,80,60.9167,-46.05,30.42,7.9
104,[111],fethiye,100,TR,1665537274,64,36.6217,29.1164,60.67,3.36
105,[112],guerrero negro,28,MX,1665537274,78,27.9769,-114.0611,70.36,16.35
106,[113],bilibino,100,RU,1665537274,94,68.0546,166.4372,13.68,3.44
107,[114],tiznit,53,MA,1665537275,85,29.5833,-9.5,60.08,5.46
108,[116],saint-augustin,78,CA,1665537275,76,51.226,-58.6502,43.18,18.21
109,[117],viedma,100,AR,1665537275,25,-40.8135,-62.9967,64.02,10.96
110,[118],nago,100,JP,1665537276,66,26.5881,127.9761,79.23,15.19
111,[119],east london,100,ZA,1665537276,74,-33.0153,27.9116,67.53,8.08
112,[120],san vicente,100,AR,1665537276,100,-26.6167,-54.1333,55.09,0.96
113,[121],richards bay,90,ZA,1665537277,84,-28.783,32.0377,71.74,7.14
114,[122],santa cruz,75,BO,1665537277,77,-17.8,-63.1667,65.66,12.66
115,[123],sao joao da barra,28,BR,1665537277,84,-21.6403,-41.0511,73.29,19.37
116,[124],hualmay,12,PE,1665537277,84,-11.0964,-77.6139,62.1,12.12
117,[125],jamestown,0,US,1665537014,57,42.097,-79.2353,59.72,4.61
118,[126],georgetown,40,MY,1665537167,83,5.4112,100.3354,82.24,0.0
119,[127],castro,100,BR,1665537278,91,-24.7911,-50.0119,62.47,2.95
120,[128],ulaanbaatar,0,MN,1665537217,60,47.9077,106.8832,35.73,2.24
121,[129],bredasdorp,100,ZA,1665537135,96,-34.5322,20.0403,57.07,1.28
122,[130],sur,6,OM,1665537278,32,22.5667,59.5289,79.43,6.38
123,[131],kosh-agach,99,RU,1665537279,59,50.0,88.6667,29.43,1.41
124,[132],manzini,8,SZ,1665537279,72,-26.25,31.5,68.97,2.33
125,[133],saldanha,100,ZA,1665537279,93,-33.0117,17.9442,60.21,14.65
126,[134],thompson,100,CA,1665537280,82,55.7435,-97.8558,51.96,16.11
127,[135],semey,0,KZ,1665537280,86,50.4111,80.2275,26.82,6.71
128,[136],faanui,15,PF,1665537280,77,-16.4833,-151.75,78.17,17.18
129,[137],chunhuhub,100,MX,1665537281,95,19.55,-88.6833,76.55,3.24
130,[138],matara,58,LK,1665537281,89,5.9485,80.5353,76.78,7.54
131,[139],burton,100,US,1665537281,52,42.9995,-83.6163,68.22,13.8
132,[140],dvinskoy,56,RU,1665537281,94,62.1535,45.1175,38.03,4.59
133,[141],aklavik,22,CA,1665537282,84,68.2191,-135.0107,26.11,1.86
134,[142],juneau,100,US,1665537063,97,58.3019,-134.4197,53.22,6.91
135,[143],batesville,0,US,1665537275,49,35.7698,-91.641,74.08,4.61
136,[144],malibu,30,US,1665537282,87,34.005,-118.8101,76.69,1.99
137,[145],starosubkhangulovo,93,RU,1665537283,59,53.1031,57.4423,45.18,2.66
138,[146],fortuna,0,US,1665537283,87,40.5982,-124.1573,59.94,8.05
139,[147],leningradskiy,100,RU,1665537283,73,69.3833,178.4167,22.41,16.26
140,[148],aykhal,100,RU,1665537283,99,66.0,111.5,32.32,5.79
141,[150],belaya gora,15,RU,1665537284,56,68.5333,146.4167,21.24,6.93
142,[151],sao filipe,92,CV,1665537284,78,14.8961,-24.4956,79.54,7.0
143,[152],sicamous,57,CA,1665537284,50,50.8331,-118.9856,59.18,0.72
144,[153],boa vista,20,BR,1665537285,74,2.8197,-60.6733,80.58,5.75
145,[154],vardo,100,NO,1665537285,93,70.3705,31.1107,44.58,11.5
146,[155],nogliki,100,RU,1665537285,95,51.8333,143.1667,40.48,22.28
147,[156],ha giang,73,VN,1665537286,77,22.8333,104.9833,73.99,1.54
148,[157],acapulco,100,MX,1665537161,94,16.8634,-99.8901,78.62,2.3
149,[158],lebu,100,CL,1665537286,92,-37.6167,-73.65,51.96,3.11
150,[161],arlit,0,NE,1665537287,15,18.7369,7.3853,84.88,7.9
151,[162],kysyl-syr,100,RU,1665537287,92,63.8986,122.7617,27.25,7.54
152,[163],zhigansk,100,RU,1665537287,91,66.7697,123.3711,24.28,16.78
153,[164],bunia,99,CD,1665537288,92,1.5667,30.25,63.0,2.48
154,[165],albany,0,US,1665537112,84,42.6001,-73.9662,54.41,4.09
155,[166],pirapemas,100,BR,1665537288,78,-3.7267,-44.2233,78.91,5.1
156,[167],whitehorse,100,CA,1665537288,77,60.7161,-135.0538,47.1,5.88
157,[168],cardston,0,CA,1665537243,28,49.2,-113.3019,55.94,14.67
158,[169],hasaki,100,JP,1665537146,63,35.7333,140.8333,71.22,18.77
159,[170],dingle,75,PH,1665537289,77,10.9995,122.6711,83.21,6.29
160,[172],moree,100,AU,1665537289,45,-29.4667,149.85,71.42,10.04
161,[173],maturin,100,VE,1665537290,96,9.75,-63.1767,73.94,4.94
162,[174],dwarka,94,IN,1665537290,68,22.2394,68.9678,81.91,8.25
163,[175],ambon,20,ID,1665537290,74,-3.6954,128.1814,84.34,3.44
164,[176],luxor,0,EG,1665537291,41,25.6989,32.6421,72.77,5.7
165,[177],chumikan,3,RU,1665537291,64,54.7183,135.315,39.74,18.1
166,[178],jamundi,80,CO,1665537291,90,3.2607,-76.535,75.16,3.02
167,[179],harper,100,LR,1665537291,88,4.375,-7.7169,76.57,8.34
168,[180],englewood,75,US,1665537155,34,39.6478,-104.9878,67.37,25.32
169,[181],kuytun,100,RU,1665537292,69,54.3419,101.5036,40.08,5.77
170,[182],kashi,0,CN,1665537292,45,39.4547,75.9797,50.07,3.91
171,[183],beira,0,MZ,1665537292,86,-19.8436,34.8389,71.06,3.24
172,[184],tessalit,0,ML,1665537293,15,20.1986,1.0114,82.36,10.71
173,[185],hvide sande,55,DK,1665537293,76,56.0045,8.1294,46.09,12.15
174,[186],stromness,100,GB,1665537268,89,58.965,-3.296,51.87,15.99
175,[187],lusambo,100,CD,1665537293,91,-4.9667,23.45,68.59,2.8
176,[189],merauke,9,ID,1665537294,69,-8.4667,140.3333,85.23,3.58
177,[190],sobolevo,100,RU,1665537294,78,54.4299,31.8996,45.05,5.08
178,[191],bereda,100,ES,1665537294,100,43.2686,-7.5406,59.41,4.41
179,[192],palocabildo,66,CO,1665537295,96,5.1171,-75.0173,61.75,5.7
180,[193],santa ines,77,BR,1665537295,58,-3.6667,-45.38,81.82,3.8
181,[194],kilindoni,4,TZ,1665537295,72,-7.9139,39.6668,75.24,11.72
182,[195],asau,93,RO,1665537296,67,46.4333,26.4,48.31,3.02
183,[196],broome,1,US,1665537296,85,42.2506,-75.833,56.57,4.74
184,[197],cockburn town,62,TC,1665537296,78,21.4612,-71.1419,82.53,19.13
185,[198],bubaque,100,GW,1665537297,74,11.2833,-15.8333,81.1,14.14
186,[199],naze,100,JP,1665537297,68,28.3667,129.4833,72.03,16.35
187,[200],lashio,72,MM,1665537297,98,22.9333,97.75,66.81,0.4
188,[201],chake chake,30,TZ,1665537298,81,-5.2459,39.7666,71.74,7.85
189,[202],itaituba,17,BR,1665537298,89,-4.2761,-55.9836,74.44,3.44
190,[203],souillac,20,MU,1665537298,78,-20.5167,57.5167,70.18,6.91
191,[204],la rioja,7,ES,1665537298,93,42.25,-2.5,53.38,3.53
192,[205],mosquera,100,CO,1665537087,82,4.7059,-74.2302,51.89,9.22
193,[206],kyra,12,RU,1665537299,64,49.5776,111.9753,39.04,4.7
194,[207],la ronge,75,CA,1665537299,53,55.1001,-105.2842,46.62,16.11
195,[208],weligama,53,LK,1665537300,88,5.9667,80.4167,77.05,7.83
196,[209],port elizabeth,100,ZA,1665537237,89,-33.918,25.5701,66.31,4.0
197,[210],nantucket,0,US,1665537036,82,41.2835,-70.0995,57.99,6.91
198,[211],okhotsk,47,RU,1665537300,57,59.3833,143.3,35.37,16.96
199,[212],belyy yar,0,RU,1665537300,70,53.6039,91.3903,48.09,13.42
200,[213],cabedelo,95,BR,1665537301,80,-6.9811,-34.8339,77.67,15.75
201,[214],lavrentiya,100,RU,1665537301,58,65.5833,-171.0,29.71,10.56
202,[215],mareeba,28,AU,1665537302,63,-17.0,145.4333,84.43,8.34
203,[216],mantua,22,IT,1665537302,88,45.1667,10.7833,58.15,3.58
204,[217],nome,100,US,1665537112,86,64.5011,-165.4064,33.87,0.0
205,[218],yamada,98,JP,1665537303,50,39.4667,141.95,63.68,2.15
206,[219],rawson,0,AR,1665537226,36,-43.3002,-65.1023,63.16,20.47
207,[220],te anau,8,NZ,1665537303,45,-45.4167,167.7167,55.8,2.53
208,[221],cayenne,40,GF,1665537304,94,4.9333,-52.3333,77.04,0.0
209,[222],nelson bay,63,AU,1665537304,67,-32.7167,152.15,69.1,13.0
210,[223],ormara,0,PK,1665537305,63,25.2088,64.6357,77.79,2.89
211,[224],luderitz,84,NA,1665537305,62,-26.6481,15.1594,64.45,11.59
212,[225],temryuk,60,RU,1665537305,63,45.2722,37.3811,41.22,8.5
213,[226],hukuntsi,5,BW,1665537306,24,-24.0,21.75,68.5,12.37
214,[227],saint george,0,US,1665537027,20,37.1041,-113.5841,82.99,11.5
215,[228],sao felix do xingu,86,BR,1665537306,74,-6.6447,-51.995,75.74,0.27
216,[231],bad salzdetfurth,51,DE,1665537307,86,52.0578,10.0058,47.66,3.22
217,[232],kununurra,35,AU,1665537307,49,-15.7667,128.7333,93.18,4.61
218,[233],tasiilaq,100,GL,1665537308,98,65.6145,-37.6368,32.16,4.21
219,[234],batagay,6,RU,1665537308,83,67.6333,134.6333,10.36,3.09
220,[235],colac,100,AU,1665537309,66,-38.3333,143.5833,67.17,12.59
221,[236],leshukonskoye,21,RU,1665537309,92,64.8989,45.7622,38.64,7.49
222,[237],allapalli,68,IN,1665537309,98,19.4167,80.0667,72.48,2.68
223,[238],iwanai,32,JP,1665537310,57,42.9744,140.5089,57.43,13.04
224,[239],padang,100,ID,1665537310,88,-0.9492,100.3543,73.45,4.43
225,[240],impfondo,100,CG,1665537311,94,1.6381,18.0667,70.61,1.97
226,[241],maralal,100,KE,1665537311,55,1.0968,36.698,60.8,5.91
227,[242],aripuana,94,BR,1665537312,89,-9.1667,-60.6333,74.79,2.51
228,[243],novo aripuana,100,BR,1665537312,64,-5.1206,-60.3797,79.29,2.48
229,[244],yulara,100,AU,1665537312,21,-25.2406,130.9889,80.96,2.51
230,[245],dikson,100,RU,1665537313,99,73.5069,80.5464,32.52,11.59
231,[246],kodiak,75,US,1665537127,49,57.79,-152.4072,44.11,8.05
232,[247],severo-kurilsk,63,RU,1665537313,86,50.6789,156.125,50.63,23.89
233,[248],constitucion,0,CL,1665537314,87,-35.3333,-72.4167,50.59,13.35
234,[249],mount gambier,100,AU,1665537314,60,-37.8333,140.7667,61.0,8.57
235,[250],zaysan,2,KZ,1665537315,46,47.4667,84.8667,38.88,2.84
236,[252],urengoy,100,RU,1665537315,90,65.9667,78.3667,38.26,12.44
237,[253],port moresby,40,PG,1665537316,58,-9.4431,147.1797,89.02,5.75
238,[254],barahona,81,DO,1665537316,77,18.2085,-71.1008,80.2,6.22
239,[255],eenhana,1,NA,1665537317,19,-17.4667,16.3333,69.17,8.14
240,[256],cloquet,100,US,1665537317,59,46.7216,-92.4594,71.78,10.36
241,[257],de-kastri,100,RU,1665537317,73,51.4667,140.7833,42.21,18.63
242,[258],haines junction,100,CA,1665537318,53,60.7522,-137.5108,48.15,3.44
243,[259],seoul,0,KR,1665537267,37,37.5683,126.9778,53.04,3.04
244,[260],shetpe,84,KZ,1665537318,72,44.1667,52.1167,56.59,11.16
245,[261],ostrovnoy,100,RU,1665537319,87,68.0531,39.5131,41.0,21.63
246,[262],swan river,100,CA,1665537319,76,52.1058,-101.2676,46.29,12.66
247,[263],tak bai,100,TH,1665537320,88,6.2595,102.0546,78.84,4.54
248,[265],christchurch,100,NZ,1665537027,58,-43.5333,172.6333,53.8,13.8
249,[266],khorixas,100,NA,1665537320,46,-20.3667,14.9667,68.61,1.21
250,[267],mahebourg,20,MU,1665537321,78,-20.4081,57.7,70.09,6.91
251,[268],sulangan,97,PH,1665537321,74,11.1373,123.7228,83.52,7.0
252,[269],dhidhdhoo,100,MV,1665537321,77,6.8833,73.1,80.89,17.25
253,[270],anadyr,0,RU,1665537322,62,64.75,177.4833,25.3,11.18
254,[271],antofagasta,41,CL,1665537322,79,-23.65,-70.4,56.48,7.0
255,[272],san quintin,55,MX,1665537322,77,30.4833,-115.95,68.36,12.26
256,[273],berlevag,75,NO,1665537323,76,70.8578,29.0864,46.35,17.27
257,[274],margate,100,GB,1665537323,74,51.3813,1.3862,53.74,4.99
258,[275],palafrugell,100,ES,1665537287,57,41.9174,3.1631,61.56,5.21
259,[276],sale,100,MA,1665537324,100,34.0389,-6.8166,64.63,0.0
260,[277],masvingo,0,ZW,1665537324,54,-20.0637,30.8277,61.65,4.9
261,[278],general roca,5,AR,1665537324,41,-39.0333,-67.5833,64.62,30.2
262,[279],hirara,75,JP,1665537325,65,24.8,125.2833,79.07,20.71
263,[280],bonfim,93,BR,1665537325,68,3.0833,-59.95,80.44,1.1
264,[281],port hedland,0,AU,1665537326,20,-20.3167,118.5667,87.85,10.36
265,[282],sinnamary,86,GF,1665537326,87,5.3833,-52.95,78.58,7.96
266,[283],fort nelson,7,CA,1665537326,42,58.8053,-122.7002,52.95,10.0
267,[284],san jose,20,US,1665536718,63,37.3394,-121.895,77.58,11.5
268,[285],karratha,3,AU,1665537327,28,-20.7377,116.8463,80.06,14.74
269,[286],katangli,100,RU,1665537327,94,51.7102,143.2326,39.81,22.17
270,[287],santa cruz cabralia,75,BR,1665537328,78,-16.2781,-39.0247,77.23,9.22
271,[288],xining,90,CN,1665537328,84,36.6167,101.7667,39.45,0.87
272,[289],nanortalik,70,GL,1665537127,75,60.1432,-45.2371,33.12,7.9
273,[290],requena,54,ES,1665537329,87,39.4883,-1.1004,56.52,2.28
274,[291],winsum,100,NL,1665537329,93,53.33,6.5208,44.11,6.15
275,[292],hay river,75,CA,1665537329,56,60.8156,-115.7999,37.38,31.07
276,[293],new norfolk,100,AU,1665537270,57,-42.7826,147.0587,63.91,1.99
277,[294],kubinka,12,RU,1665537330,82,55.5839,36.69,33.8,3.58
278,[295],teya,100,RU,1665537330,97,60.3778,92.6267,35.76,7.63
279,[296],buchanan,100,LR,1665537330,95,5.8808,-10.0467,74.59,6.98
280,[298],punta alta,100,AR,1665537331,38,-38.8759,-62.0736,61.54,10.89
281,[299],birjand,0,IR,1665537331,18,32.8663,59.2211,45.07,9.22
282,[300],ha tinh,22,VN,1665537100,74,18.3333,105.9,72.55,5.23
283,[301],bethel,0,US,1665537332,79,41.3712,-73.414,61.11,0.0
284,[302],dehloran,0,IR,1665537332,17,32.6941,47.2679,78.62,6.55
285,[303],gravdal,100,NO,1665537332,76,68.1214,13.5031,43.54,31.34
286,[306],natalio,74,PY,1665537333,99,-26.7167,-55.0833,54.07,0.56
287,[307],neuquen,0,AR,1665537113,36,-38.9516,-68.0591,62.49,14.97
288,[308],tuatapere,12,NZ,1665537333,50,-46.1333,167.6833,54.07,6.6
289,[309],upernavik,99,GL,1665537334,76,72.7868,-56.1549,18.66,4.27
290,[310],coquimbo,0,CL,1665537334,82,-29.9533,-71.3436,55.13,3.44
291,[311],lyubim,8,RU,1665537334,91,58.3625,40.6843,36.59,2.57
292,[313],ozark,57,US,1665537151,64,37.0209,-93.206,70.81,13.69
293,[314],santa maria ixhuatan,100,GT,1665537335,97,14.19,-90.2747,65.28,2.3
294,[315],aquiraz,100,BR,1665537335,77,-3.9014,-38.3911,80.69,13.98
295,[316],chara,100,RU,1665537336,97,56.9064,118.2631,35.38,3.44
296,[317],ostersund,40,SE,1665537336,81,63.1792,14.6357,37.85,19.57
297,[318],ilulissat,75,GL,1665537336,80,69.2167,-51.1,24.82,0.0
298,[319],wattegama,84,LK,1665537337,89,6.7989,81.4808,75.11,1.81
299,[320],petatlan,100,MX,1665537337,84,17.5167,-101.2667,87.6,1.9
300,[321],baykit,100,RU,1665537337,94,61.67,96.37,35.71,9.24
301,[322],abha,0,SA,1665537271,23,18.2164,42.5053,57.45,0.0
302,[323],antalaha,7,MG,1665537338,81,-14.9003,50.2788,65.53,6.64
303,[324],luena,6,AO,1665537338,39,-11.7833,19.9167,58.57,2.42
304,[325],langarud,75,IR,1665537338,69,37.197,50.1535,60.85,3.87
305,[326],havoysund,80,NO,1665537339,83,70.9963,24.6622,46.63,33.38
306,[328],riverton,0,US,1665537339,32,40.5219,-111.9391,68.14,5.01
307,[329],aginskoye,6,RU,1665537339,66,51.1,114.53,40.6,18.57
308,[330],poopo,0,BO,1665537340,12,-18.3667,-66.9667,42.08,11.21
309,[331],mana,99,GF,1665537340,91,5.6592,-53.7767,77.94,8.5
310,[332],sibolga,100,ID,1665537340,79,1.7427,98.7792,78.3,1.48
311,[333],ahipara,100,NZ,1665537341,60,-35.1667,173.1667,63.41,2.48
312,[334],kongolo,97,CD,1665537341,86,-5.3833,27.0,69.17,2.95
313,[335],carutapera,94,BR,1665537341,84,-1.195,-46.02,78.57,6.89
314,[336],codrington,100,AU,1665537342,64,-38.2667,141.9667,66.13,14.61
315,[337],show low,81,US,1665537342,64,34.2542,-110.0298,57.0,4.97
316,[338],jalu,100,LY,1665537342,39,29.0331,21.5482,72.82,3.89
317,[339],college,75,US,1665537343,77,64.8569,-147.8028,33.75,10.36
318,[340],ketchikan,100,US,1665537343,82,55.3422,-131.6461,55.87,9.22
319,[341],kitob,0,UZ,1665537343,24,39.0843,66.8332,57.85,3.04
320,[342],papara,100,BR,1665537343,85,-3.9839,-38.7273,79.2,4.16
321,[343],paracuru,98,BR,1665537344,79,-3.41,-39.0306,80.11,13.73
322,[344],namuac,100,PH,1665537344,89,18.6109,121.1657,79.02,13.98
323,[345],nadym,100,RU,1665537344,83,65.5333,72.5167,38.59,14.29
324,[346],preobrazheniye,0,RU,1665537345,46,42.9019,133.9064,54.32,5.46
325,[347],hami,88,CN,1665537345,37,42.8,93.45,49.19,0.67
326,[348],lipari,22,IT,1665537345,73,38.4674,14.954,65.32,6.31
327,[350],lebowakgomo,4,ZA,1665537346,66,-24.2,29.5,63.05,3.15
328,[351],constantine,75,DZ,1665537346,82,36.365,6.6147,62.01,2.3
329,[352],beloha,0,MG,1665537343,89,-25.1667,45.05,65.3,7.7
330,[353],korla,0,CN,1665537346,71,41.7597,86.1469,44.24,7.83
331,[354],nobeoka,100,JP,1665537347,64,32.5833,131.6667,66.02,8.77
332,[355],kalaleh,71,IR,1665537347,88,37.3807,55.4916,68.36,2.89
333,[356],meulaboh,60,ID,1665537347,80,4.1363,96.1285,79.02,3.96
334,[357],cherskiy,45,RU,1665537348,91,68.75,161.3,14.13,8.66
335,[358],bay city,100,US,1665537348,50,43.5945,-83.8889,68.22,13.8
336,[359],penuelas,1,PR,1665537348,88,18.0564,-66.7216,79.2,5.35
337,[360],labuhan,99,ID,1665537349,74,-6.8844,112.2051,81.7,9.78
338,[361],turayf,0,SA,1665537349,51,31.6725,38.6637,62.85,6.91
339,[362],kodinsk,100,RU,1665537349,85,58.6881,99.1844,38.89,11.03
340,[363],great bend,0,US,1665537350,52,38.3645,-98.7648,78.04,25.32
341,[364],sioux lookout,77,CA,1665537350,66,50.1001,-91.917,60.48,8.23
342,[365],qaqortoq,100,GL,1665537350,78,60.7167,-46.0333,28.27,7.58
343,[366],kuah,20,MY,1665537351,89,6.3265,99.8432,80.58,2.3
344,[367],monrovia,100,LR,1665537110,92,6.3005,-10.7969,75.42,6.04
345,[368],yuzhno-kurilsk,14,RU,1665537351,63,44.0306,145.8556,57.47,15.19
346,[369],shelburne,74,CA,1665537351,56,44.0787,-80.2041,59.79,12.68
347,[370],tongliao,99,CN,1665537352,68,43.6125,122.2653,50.13,14.34
348,[371],sept-iles,100,CA,1665537352,72,50.2001,-66.3821,47.05,4.0
349,[372],nauta,1,PE,1665537352,72,-4.5061,-73.5757,77.04,2.33
350,[373],saskylakh,96,RU,1665537352,96,71.9167,114.0833,26.26,5.66
351,[374],nottuln,94,DE,1665537353,87,51.9333,7.35,43.83,3.65
352,[375],mar del plata,0,AR,1665537287,71,-38.0023,-57.5575,53.62,8.05
353,[376],nemuro,5,JP,1665537281,65,43.3236,145.575,57.72,11.83
354,[378],mayo,0,US,1665537353,79,38.8876,-76.5119,63.18,5.75
355,[379],arbagar,2,RU,1665537354,60,51.9438,116.2805,41.52,10.2
356,[380],ribeira brava,14,PT,1665537354,65,32.65,-17.0667,70.43,6.35
357,[381],dabakala,86,CI,1665537083,98,8.3667,-4.4333,72.1,3.44
358,[382],zhangye,77,CN,1665537354,20,38.9342,100.4517,51.69,2.55
359,[383],kruisfontein,100,ZA,1665537355,93,-34.0033,24.7314,61.88,4.92
360,[384],quisqueya,32,DO,1665537355,93,18.5554,-69.4081,78.15,6.73
361,[385],agas,96,RO,1665537355,71,46.4833,26.2167,47.01,2.3
362,[387],yumaguzino,96,RU,1665537356,48,52.9041,56.3933,48.27,5.48
363,[388],lima,0,PE,1665537356,80,-12.0432,-77.0282,61.9,12.66
364,[389],kangaatsiaq,100,GL,1665537356,93,68.3065,-53.4641,31.91,22.68
365,[390],xiongyue,0,CN,1665537357,59,40.1774,122.1228,58.82,10.18
366,[391],paris,0,FR,1665537243,82,48.8534,2.3488,52.38,3.44
367,[392],mizdah,38,LY,1665537357,42,31.4451,12.9801,71.89,6.55
368,[393],zhongshu,100,CN,1665537357,99,24.5167,103.7667,55.04,2.95
369,[394],bambanglipuro,100,ID,1665537358,78,-7.95,110.2833,80.56,10.16
370,[395],maracacume,32,BR,1665537358,94,-2.0428,-45.9592,73.99,2.91
371,[396],el campo,0,US,1665537348,69,29.1966,-96.2697,77.88,8.05
372,[397],touros,100,BR,1665537358,76,-5.1989,-35.4608,77.49,16.33
373,[398],tigil,100,RU,1665537150,78,57.8,158.6667,41.67,14.83
374,[399],grafton,8,US,1665537359,85,42.207,-71.6856,55.09,3.58
375,[400],ransang,100,PH,1665537359,78,8.9603,117.5828,82.83,12.39
376,[401],bowen,43,AU,1665537359,60,-20.0167,148.2333,78.55,18.37
377,[402],pacific grove,100,US,1665537092,88,36.6177,-121.9166,63.01,5.75
378,[403],chapais,6,CA,1665537360,85,49.7834,-74.8492,44.38,8.99
379,[404],waipawa,100,NZ,1665537360,75,-41.4122,175.5153,49.73,7.72
380,[405],kudahuvadhoo,64,MV,1665537360,76,2.6708,72.8944,81.84,20.22
381,[406],katsuura,99,JP,1665537361,73,35.1333,140.3,70.75,19.35
382,[407],nakamura,100,JP,1665537361,61,32.9833,132.9333,67.51,2.51
383,[408],hofn,15,IS,1665537361,92,64.2539,-15.2082,43.48,1.59
384,[409],machiques,100,VE,1665537362,88,10.0644,-72.545,77.65,6.4
385,[410],keuruu,100,FI,1665537362,90,62.2667,24.7,41.81,9.51
386,[411],berdigestyakh,100,RU,1665537362,88,62.0989,126.6992,25.02,5.91
387,[412],miraflores,100,MX,1665537363,80,19.2167,-98.8083,66.87,4.07
388,[413],askino,100,RU,1665537363,73,56.0901,56.5783,47.93,6.51
389,[414],tevriz,88,RU,1665537363,80,57.509,72.4042,39.18,4.07
390,[415],vao,100,NC,1665537363,77,-22.6667,167.4833,72.84,11.34
391,[416],kulhudhuffushi,93,MV,1665537364,76,6.6221,73.07,80.87,17.43
392,[417],portland,20,US,1665536762,53,45.5234,-122.6762,71.91,5.75
393,[418],buala,19,SB,1665537227,62,-8.145,159.5921,86.81,2.86
394,[419],kuala terengganu,20,MY,1665537364,74,5.3302,103.1408,82.98,4.61
395,[421],deputatskiy,1,RU,1665537365,80,69.3,139.9,6.48,4.12
396,[422],pevek,100,RU,1665537133,88,69.7008,170.3133,25.03,22.37
397,[423],banswada,54,IN,1665537365,97,18.3833,77.8833,71.06,3.78
398,[425],langsa,100,ID,1665537366,94,4.4683,97.9683,74.93,1.03
399,[426],pisco,0,PE,1665537366,77,-13.7,-76.2167,61.02,12.66
400,[427],cervo,100,ES,1665537366,92,43.6702,-7.4101,62.33,5.37
401,[428],ayan,6,RU,1665537366,52,56.45,138.1667,38.77,4.99
402,[429],liezen,100,AT,1665537367,95,47.5667,14.2333,51.98,3.31
403,[430],halifax,6,CA,1665537365,76,44.6453,-63.5724,48.69,6.91
404,[431],alofi,7,NU,1665537367,84,-19.0595,-169.9187,77.05,18.39
405,[432],west fargo,100,US,1665537238,53,46.875,-96.9004,59.05,24.16
406,[433],poum,96,NC,1665537368,75,-20.2333,164.0167,77.0,13.4
407,[434],olafsvik,7,IS,1665537368,70,64.8945,-23.7142,44.28,17.38
408,[435],westport,0,US,1665537290,80,41.1415,-73.3579,62.37,6.91
409,[436],porto novo,99,BJ,1665537368,90,6.4965,2.6036,78.62,4.41
410,[437],yar-sale,97,RU,1665537369,82,66.8333,70.8333,36.91,12.44
411,[438],dongli,0,CN,1665537369,46,23.5656,116.8194,73.38,8.95
412,[439],ugoofaaru,100,MV,1665537369,80,5.6667,73.0,80.71,19.22
413,[440],suda,21,RU,1665537370,92,59.1525,37.5582,28.51,5.28
414,[441],cordoba,0,AR,1665537370,35,-31.4135,-64.1811,63.75,9.22
415,[442],lazaro cardenas,100,MX,1665537105,85,17.9583,-102.2,81.63,5.37
416,[443],moranbah,5,AU,1665537370,42,-22.0016,148.0466,79.0,14.52
417,[444],esil,73,KZ,1665537371,51,51.9556,66.4042,44.62,4.72
418,[445],guiratinga,100,BR,1665537371,50,-16.3494,-53.7583,78.6,1.68
419,[446],derzhavinsk,73,KZ,1665537371,50,51.1,66.3167,43.66,4.81
420,[447],kaeo,100,NZ,1665537372,60,-35.1,173.7833,62.73,7.81
421,[448],kalianget,100,ID,1665537372,72,-7.05,113.9333,82.78,8.03
422,[449],atar,51,MR,1665537372,27,20.5169,-13.0499,90.27,10.94
423,[450],pochutla,100,MX,1665537372,96,15.7432,-96.4661,77.83,2.66
424,[451],miri,100,MY,1665537125,89,4.4148,114.0089,76.44,6.06
425,[452],xichang,100,CN,1665537373,95,27.8964,102.2634,56.68,1.01
426,[453],charlestown,95,AU,1665537373,72,-32.95,151.6667,69.03,3.0
427,[456],kantunilkin,88,MX,1665537374,83,21.0917,-87.45,78.44,3.62
428,[457],campbell river,7,CA,1665537095,56,50.0163,-125.2446,61.59,7.83
429,[458],nova vodolaha,7,UA,1665537374,79,49.7185,35.8708,42.69,7.7
430,[459],tomatlan,10,MX,1665537374,88,19.9333,-105.25,78.69,1.61
431,[461],kijang,0,KR,1665537375,58,35.2442,129.2139,62.33,10.54
432,[462],desaguadero,0,PE,1665537375,18,-16.5656,-69.0417,46.54,14.23
433,[464],mount isa,93,AU,1665537375,17,-20.7333,139.5,94.77,10.36
434,[465],bossier city,0,US,1665537376,55,32.516,-93.7321,75.38,6.91
435,[466],carman,100,CA,1665537376,57,49.4992,-98.0016,50.34,9.22
436,[467],wanning,26,CN,1665537376,71,18.8003,110.3967,74.68,11.54
437,[468],sangueya,100,GN,1665537377,96,10.7,-14.3667,72.97,3.58
438,[469],lesnoye,100,RU,1665537377,90,58.2841,35.5158,39.69,4.32
439,[470],krasnozerskoye,100,RU,1665537377,73,53.9828,79.2374,47.84,8.34
440,[471],udachnyy,96,RU,1665537378,92,66.4167,112.4,32.45,5.7
441,[472],kolosovka,6,RU,1665537378,90,56.4678,73.611,39.88,6.76
442,[473],nedjo,5,ET,1665537378,91,9.5046,35.5019,54.0,0.74
443,[475],nagaur,0,IN,1665537379,74,27.2,73.7333,74.01,5.7
444,[477],rehoboth,31,NA,1665537379,29,-23.3167,17.0833,68.68,2.55
445,[478],thinadhoo,100,MV,1665537379,75,0.5333,72.9333,82.53,18.45
446,[480],dengfeng,100,CN,1665537380,40,34.4553,113.0281,56.53,3.22
447,[481],gariaband,70,IN,1665537380,95,20.635,82.0614,71.49,2.28
448,[482],rio grande,100,BR,1665537359,96,-32.035,-52.0986,60.22,14.12
449,[483],sorong,100,ID,1665537381,86,-0.8833,131.25,80.42,6.55
450,[484],macau,0,MO,1665537381,50,22.2006,113.5461,75.85,17.27
451,[485],farafangana,58,MG,1665537381,90,-22.8167,47.8333,66.04,5.44
452,[487],bad hofgastein,100,AT,1665537382,98,47.1667,13.1,51.6,3.0
453,[488],makakilo city,20,US,1665537382,77,21.3469,-158.0858,82.72,6.91
454,[489],wenling,100,CN,1665537382,66,28.3669,121.36,65.55,14.18
455,[490],bintulu,20,MY,1665537383,89,3.1667,113.0333,79.21,3.44
456,[491],urubicha,98,BO,1665537383,95,-15.3833,-62.95,66.24,1.81
457,[492],kuruman,19,ZA,1665537383,28,-27.4524,23.4325,70.99,12.5
458,[493],surgut,40,RU,1665537376,93,61.25,73.4167,33.98,8.99
459,[494],bumba,100,CD,1665537384,97,2.1833,22.4667,68.07,1.99
460,[495],suntar,100,RU,1665537384,98,62.1444,117.6319,35.87,6.04
461,[496],belle fourche,0,US,1665537384,34,44.6714,-103.8522,53.08,9.06
462,[497],chihuahua,0,MX,1665537385,31,28.5,-106.0,67.03,5.39
463,[498],torbay,5,CA,1665537385,77,47.6666,-52.7314,49.26,7.0
464,[499],iberia,40,US,1665537385,68,29.9502,-91.7507,77.07,5.75
465,[500],shimoda,100,JP,1665537385,64,34.6667,138.95,68.36,17.58
466,[501],prince rupert,100,CA,1665537386,93,54.3161,-130.3201,51.89,8.05
467,[502],natal,20,BR,1665537325,78,-5.795,-35.2094,75.85,9.22
468,[503],durango,91,MX,1665537341,35,24.8333,-104.8333,63.81,2.13
469,[504],kiunga,64,PG,1665537386,67,-6.1219,141.2906,86.72,2.33
470,[505],sitka,100,US,1665537387,82,57.0531,-135.33,51.69,5.75
471,[506],aksarka,8,RU,1665537387,91,66.5606,67.7975,34.14,10.27
472,[507],klaksvik,100,FO,1665537266,98,62.2266,-6.589,50.92,16.22
473,[508],mayor pablo lagerenza,100,PY,1665537387,79,-19.9309,-60.7718,62.82,4.25
474,[509],poronaysk,92,RU,1665537388,65,49.2167,143.1167,47.5,12.03
475,[510],san ignacio,20,BZ,1665537388,89,17.1561,-89.0714,82.54,4.61
476,[512],trofors,100,NO,1665537388,92,65.5333,13.4063,39.07,11.86
477,[513],san cristobal,18,VE,1665537389,92,7.7669,-72.225,75.38,2.19
478,[514],fukuma,0,JP,1665537389,56,33.7667,130.4667,68.29,13.87
479,[515],morelia,100,MX,1665537389,80,19.7008,-101.1844,67.14,2.04
480,[516],erenhot,100,CN,1665537389,22,43.6475,111.9767,49.01,10.69
481,[517],santona,68,ES,1665537390,92,43.4439,-3.4576,64.71,3.53
482,[518],busembatia,94,UG,1665537390,88,0.7697,33.6131,63.9,3.11
483,[519],daru,83,PG,1665537390,73,-9.0763,143.2092,84.06,10.87
484,[520],port lincoln,72,AU,1665537391,54,-34.7333,135.8667,60.67,12.97
485,[521],felanitx,96,ES,1665537391,88,39.4696,3.1483,66.72,6.33
486,[522],lazo,0,RU,1665537391,43,43.3817,133.9014,53.38,5.19
487,[523],agirish,94,RU,1665537391,81,61.9247,63.0231,39.31,1.79
488,[524],asfi,0,MA,1665537392,85,32.2994,-9.2372,66.88,3.96
489,[525],hit,0,IQ,1665537392,30,33.6416,42.8251,74.07,6.42
490,[526],yumen,100,CN,1665537392,32,40.2833,97.2,44.58,10.58
491,[527],myitkyina,100,MM,1665537393,99,25.3833,97.4,72.72,0.4
492,[528],ilhabela,100,BR,1665537393,93,-23.7781,-45.3581,71.58,4.03
493,[529],dhrangadhra,28,IN,1665537393,63,22.9833,71.4667,80.74,5.26
494,[530],ilebo,100,CD,1665537394,97,-4.3167,20.5833,69.8,1.57
495,[531],hidrolandia,34,BR,1665537394,35,-4.4081,-40.4378,82.4,2.21
496,[533],palmer,0,US,1665537356,83,42.1584,-72.3287,55.81,3.44
497,[534],boa esperanca,50,BR,1665537394,43,-21.09,-45.5658,71.15,3.78
498,[535],husavik,100,IS,1665537395,93,66.0449,-17.3389,41.67,5.7
499,[536],santa isabel do rio negro,27,BR,1665537395,85,-0.4139,-65.0192,75.04,1.34
500,[537],lasa,66,IT,1665537395,94,46.6166,10.7002,50.36,1.57
501,[538],manoel urbano,76,BR,1665537396,99,-8.8389,-69.2597,72.43,1.43
502,[539],henties bay,100,NA,1665537396,89,-22.116,14.2845,59.23,7.14
503,[540],barstow,15,US,1665537137,35,34.8986,-117.0228,86.99,10.89
504,[542],vammala,11,FI,1665537396,88,61.3333,22.9,38.1,6.91
505,[543],ola,100,RU,1665537397,53,59.5833,151.2833,35.15,11.63
506,[544],najran,6,SA,1665537397,30,17.4924,44.1277,66.85,3.13
507,[545],kawalu,100,ID,1665537397,86,-7.3817,108.2082,76.28,3.4
508,[546],peniche,14,PT,1665537398,95,39.3558,-9.3811,62.11,9.93
509,[548],kampong thum,32,KH,1665537398,88,12.7111,104.8887,77.99,5.3
510,[549],norman wells,40,CA,1665537398,80,65.282,-126.8329,30.24,8.05
511,[550],micheweni,21,TZ,1665537399,80,-4.9667,39.8333,73.26,10.33
512,[551],galle,55,LK,1665537399,85,6.0367,80.217,78.08,9.51
513,[552],teahupoo,28,PF,1665537399,80,-17.8333,-149.2667,76.96,17.25
514,[553],marawi,100,PH,1665537400,73,7.9986,124.2928,77.65,3.15
515,[554],ibotirama,11,BR,1665537400,33,-12.1853,-43.2206,81.99,10.63
516,[555],oranjemund,100,NA,1665537400,93,-28.55,16.4333,59.38,7.49
517,[556],kavaratti,100,IN,1665537400,74,10.5669,72.642,80.98,6.96
518,[557],marck,19,FR,1665537401,80,50.949,1.9433,44.01,6.31
519,[558],oistins,20,BB,1665537401,89,13.0667,-59.5333,80.69,11.5
520,[561],astoria,0,US,1665537368,80,46.1879,-123.8313,66.7,5.75
521,[563],santa isabel,89,BR,1665537402,72,-23.3156,-46.2214,70.56,1.79
522,[564],bassano,18,CA,1665537402,28,50.7834,-112.4685,51.03,6.73
523,[565],minudasht,90,IR,1665537402,89,37.2289,55.3747,68.32,2.98
524,[566],straumen,88,NO,1665537403,78,63.8709,11.2999,42.8,12.59
525,[567],mersing,40,MY,1665537403,94,2.4312,103.8405,75.11,5.75
526,[568],cap malheureux,21,MU,1665537403,75,-19.9842,57.6142,66.47,3.0
527,[569],valdepenas,18,ES,1665537404,70,38.7621,-3.3848,60.12,7.29
528,[570],marsa matruh,99,EG,1665537404,72,31.3525,27.2453,70.38,4.83
529,[572],san patricio,0,US,1665537404,72,28.017,-97.5169,82.35,10.56
530,[573],at-bashi,0,KG,1665537405,46,41.1702,75.8106,35.11,4.25
531,[574],saqqez,0,IR,1665537405,43,36.2499,46.2735,49.64,1.99
532,[575],shingu,100,JP,1665537405,53,33.7333,135.9833,69.84,4.29
533,[576],sosva,7,RU,1665537406,91,59.1766,61.8558,35.56,0.56
534,[577],vila franca do campo,8,PT,1665537406,84,37.7167,-25.4333,70.2,1.88
535,[578],salsig,75,RO,1665537406,94,47.5333,23.3,54.21,2.3
536,[579],sisimiut,100,GL,1665537407,96,66.9395,-53.6735,30.11,14.23
537,[580],tokur,10,RU,1665537407,65,53.1333,132.9,31.86,3.94
538,[581],mundo nuevo,100,MX,1665537407,91,18.7,-95.5,73.13,3.96
539,[582],nueva esparta,100,SV,1665537408,95,13.7836,-87.8386,74.01,2.28
540,[583],mao,40,ES,1665537408,94,39.8885,4.2658,66.76,13.8
541,[584],amapa,100,BR,1665537408,65,1.0,-52.0,79.63,4.72
542,[585],phalodi,0,IN,1665537409,62,27.1333,72.3667,77.22,9.44
543,[586],port blair,40,IN,1665537409,94,11.6667,92.75,78.84,1.14
544,[588],elizabeth city,0,US,1665537409,87,36.2946,-76.2511,59.0,4.61
545,[589],lorengau,98,PG,1665537410,55,-2.0226,147.2712,85.28,6.91
546,[590],tefe,100,BR,1665537410,92,-3.3542,-64.7114,74.34,1.68
547,[591],tubuala,23,PA,1665537410,82,9.5167,-79.0333,81.0,5.5
548,[592],tsabong,0,BW,1665537411,21,-26.0217,22.401,74.88,21.34
549,[593],ixtapa,20,MX,1665537411,84,20.7,-105.2,85.23,8.05
550,[594],naryan-mar,100,RU,1665537411,92,67.6713,53.087,41.29,10.2
551,[596],uberaba,0,BR,1665537412,36,-19.7483,-47.9319,77.58,9.22
552,[597],hamilton,40,US,1665537408,58,39.1834,-84.5333,64.99,5.75
553,[598],sandpoint,0,US,1665537412,35,48.2766,-116.5533,65.44,4.61
554,[599],sola,17,VU,1665537412,66,-13.8833,167.55,86.67,0.0
555,[600],jinxiang,66,CN,1665537413,58,27.4327,120.6062,67.59,15.1
556,[601],terrenate,100,MX,1665537413,89,19.4833,-97.9167,51.94,6.24
557,[602],gweru,0,ZW,1665537413,49,-19.45,29.8167,58.62,6.11
558,[603],northam,99,GB,1665537413,87,51.0333,-4.2167,51.62,9.04
559,[604],jalpan,29,MX,1665537414,94,21.2333,-99.4833,69.33,2.04
560,[606],kuryk,96,KZ,1665537414,62,43.2,51.65,61.65,10.71
561,[607],kieta,96,PG,1665537414,76,-6.2167,155.6333,83.17,5.41
562,[608],aleksandrov gay,100,RU,1665537415,84,50.147,48.5704,52.45,12.82
563,[609],wau,17,SS,1665537415,92,7.7029,27.9953,69.84,1.54
564,[610],road town,20,VG,1665537415,83,18.4167,-64.6167,82.49,9.22
565,[611],asyut,0,EG,1665537416,51,27.181,31.1837,71.13,8.59
566,[612],eyl,67,SO,1665537416,80,7.9803,49.8164,76.84,15.9
567,[613],saint-leu,18,RE,1665537416,71,-21.15,55.2833,67.03,3.8
568,[614],san nicolas,100,PH,1665537417,89,18.1725,120.5953,80.51,10.36
569,[615],phetchaburi,100,TH,1665537417,91,12.9667,99.5833,74.1,1.14
570,[616],pingliang,100,CN,1665537417,63,35.5392,106.6861,49.6,2.08
571,[617],batagay-alyta,0,RU,1665537418,72,67.8006,130.4114,8.65,2.35
572,[619],adamas,92,GR,1665537418,73,36.7333,24.4333,68.76,6.93
573,[620],kampot,77,KH,1665537418,83,10.6167,104.1833,82.45,10.96
574,[621],constanza,100,DE,1665537170,98,47.6603,9.1758,55.94,3.0
575,[622],andra,7,RU,1665537419,93,62.5147,65.8878,33.28,3.83
576,[623],mackenzie,13,CA,1665537309,50,55.2999,-123.1698,52.66,7.74
577,[624],timmins,40,CA,1665537334,62,48.4669,-81.3331,55.22,9.22
578,[625],maniitsoq,90,GL,1665537419,76,65.4167,-52.9,28.62,9.55
579,[626],jacqueville,93,CI,1665537420,86,5.2052,-4.4146,77.32,8.41
580,[627],semporna,100,MY,1665537270,71,4.4818,118.6112,83.8,7.49
